{"count":1,"self":331.7509632,"total":6122.167691,"children":{"InitializeActuators":{"count":1,"self":0.0019967,"total":0.0019967,"children":null},"InitializeSensors":{"count":1,"self":0.0023539,"total":0.0023539,"children":null},"AgentSendState":{"count":408031,"self":3.9448787999999997,"total":1105.3536265,"children":{"CollectObservations":{"count":408031,"self":1.3883550999999998,"total":1.3883550999999998,"children":null},"WriteActionMask":{"count":408031,"self":0.6991391,"total":0.6991391,"children":null},"RequestDecision":{"count":408031,"self":1.7840327999999999,"total":1099.3212535999999,"children":{"AgentInfo.ToProto":{"count":408031,"self":4.9793904,"total":1097.5372208,"children":{"GenerateSensorData":{"count":408031,"self":1092.557824,"total":1092.5578302,"children":null}}}}}}},"DecideAction":{"count":408031,"self":4678.3541248,"total":4678.3539371,"children":null},"AgentAct":{"count":408031,"self":6.7036764,"total":6.7036764,"children":null}},"gauges":{},"metadata":{"timer_format_version":"0.1.0","start_time_seconds":"1710231857","unity_version":"2022.3.3f1","command_line_arguments":"C:\\Users\\mbart\\Desktop\\Affect-Driven-RL\\.\/Builds\/SolidRallyPCGRL\/Racing.exe --mlagents-port 5007 - s o c k e t I D   5 5 0 9 5 1 d 2 - 2 2 6 1 - 4 b 5 c - 9 f d 2 - 8 5 3 7 f 0 5 3 8 6 b 8","communication_protocol_version":"1.5.0","com.unity.ml-agents_version":"2.0.1","scene_name":"PCGRL","end_time_seconds":"1710237979"}}