{"count":1,"self":568.81029119999994,"total":7165.5381447,"children":{"InitializeActuators":{"count":1,"self":0.0010681,"total":0.0010681,"children":null},"InitializeSensors":{"count":1,"self":0.00099859999999999988,"total":0.00099859999999999988,"children":null},"AgentSendState":{"count":897741,"self":2.7248774,"total":1618.6587018999999,"children":{"CollectObservations":{"count":897741,"self":0.9837033,"total":0.9837033,"children":null},"WriteActionMask":{"count":897741,"self":0.50138989999999994,"total":0.50138989999999994,"children":null},"RequestDecision":{"count":897741,"self":1.1400279,"total":1614.4487313,"children":{"AgentInfo.ToProto":{"count":897741,"self":2.6922167999999997,"total":1613.3087034,"children":{"GenerateSensorData":{"count":897741,"self":1610.6165248,"total":1610.6164866,"children":null}}}}}}},"DecideAction":{"count":897741,"self":4964.022272,"total":4964.0224496,"children":null},"AgentAct":{"count":897741,"self":14.0436208,"total":14.043621499999999,"children":null}},"gauges":{},"metadata":{"timer_format_version":"0.1.0","start_time_seconds":"1708935490","unity_version":"2022.3.3f1","command_line_arguments":"C:\\Users\\mbart\\Work Projects\\Affect-Driven-RL\\.\/Builds\/SolidRallyPCGRL\/Racing.exe --mlagents-port 5007 -agentGridHeight 19 -agentGridWidth 19 -gridHeight 100 -gridWidth 100 -cellSize 40","communication_protocol_version":"1.5.0","com.unity.ml-agents_version":"2.0.1","scene_name":"PCGRL","end_time_seconds":"1708942655"}}