{"count":1,"self":12.584028799999999,"total":30.9476552,"children":{"InitializeActuators":{"count":1,"self":0.0024997,"total":0.0024997,"children":null},"InitializeSensors":{"count":1,"self":0.0019944999999999997,"total":0.0019944999999999997,"children":null},"AgentSendState":{"count":4121,"self":0.200394,"total":0.81256089999999992,"children":{"CollectObservations":{"count":4121,"self":0.0633358,"total":0.0633358,"children":null},"WriteActionMask":{"count":4121,"self":0.046060699999999996,"total":0.046060699999999996,"children":null},"RequestDecision":{"count":4121,"self":0.068922799999999992,"total":0.5027704,"children":{"AgentInfo.ToProto":{"count":4121,"self":0.1298943,"total":0.4338476,"children":{"GenerateSensorData":{"count":4121,"self":0.3039533,"total":0.3039533,"children":null}}}}}}},"DecideAction":{"count":4121,"self":17.412632,"total":17.4126325,"children":null},"AgentAct":{"count":4121,"self":0.132942,"total":0.132942,"children":null}},"gauges":{},"metadata":{"timer_format_version":"0.1.0","start_time_seconds":"1710428638","unity_version":"2022.3.3f1","command_line_arguments":"C:\\Users\\mbart\\Desktop\\Affect-Driven-RL\\.\/Builds\/Solid_Optimized\/Racing.exe --mlagents-port 5016 - s o c k e t I D   e 5 e 0 7 5 9 3 - 9 9 9 1 - 4 2 7 0 - b a 1 a - 4 1 7 1 8 9 7 9 f 6 9 6","communication_protocol_version":"1.5.0","com.unity.ml-agents_version":"2.0.1","scene_name":"PCGRL","end_time_seconds":"1710428669"}}