{"count":1,"self":1.6957229999999999,"total":6.4764067999999995,"children":{"InitializeActuators":{"count":1,"self":0.0029953,"total":0.0029953,"children":null},"InitializeSensors":{"count":1,"self":0.0019939,"total":0.0019939,"children":null},"AgentSendState":{"count":901,"self":0.009046199999999999,"total":0.029521799999999997,"children":{"CollectObservations":{"count":901,"self":0.0005032,"total":0.0005032,"children":null},"WriteActionMask":{"count":901,"self":0.0005078,"total":0.0005078,"children":null},"RequestDecision":{"count":901,"self":0.0044954999999999995,"total":0.0194646,"children":{"AgentInfo.ToProto":{"count":901,"self":0.0019947,"total":0.014969099999999999,"children":{"GenerateSensorData":{"count":901,"self":0.012974399999999999,"total":0.012974399999999999,"children":null}}}}}}},"DecideAction":{"count":901,"self":4.6938851999999995,"total":4.6938851,"children":null},"AgentAct":{"count":901,"self":0.0497802,"total":0.0497802,"children":null}},"gauges":{},"metadata":{"timer_format_version":"0.1.0","start_time_seconds":"1710431476","unity_version":"2022.3.3f1","command_line_arguments":"C:\\Users\\mbart\\Desktop\\Affect-Driven-RL\\.\/Builds\/Solid_Optimized\/Racing.exe --mlagents-port 5008 - s o c k e t I D   1 4 e 2 8 3 1 e - 0 c 6 a - 4 d 1 b - 8 4 0 d - f 3 f 9 f 6 7 a 1 3 0 8","communication_protocol_version":"1.5.0","com.unity.ml-agents_version":"2.0.1","scene_name":"PCGRL","end_time_seconds":"1710431482"}}