{"count":1,"self":147.85631999999998,"total":447.4141817,"children":{"InitializeActuators":{"count":1,"self":0.0015515,"total":0.0015515,"children":null},"InitializeSensors":{"count":1,"self":0.0022288,"total":0.0022288,"children":null},"AgentSendState":{"count":44136,"self":0.24480529999999998,"total":8.1770716999999991,"children":{"CollectObservations":{"count":44136,"self":0.11255799999999999,"total":0.11255799999999999,"children":null},"WriteActionMask":{"count":44136,"self":0.043864799999999995,"total":0.043864799999999995,"children":null},"RequestDecision":{"count":44136,"self":0.1055709,"total":7.7758436,"children":{"AgentInfo.ToProto":{"count":44136,"self":0.1988632,"total":7.6702727,"children":{"GenerateSensorData":{"count":44136,"self":7.4714095999999994,"total":7.4714095,"children":null}}}}}}},"DecideAction":{"count":44136,"self":280.6073088,"total":280.6073177,"children":null},"AgentAct":{"count":44136,"self":10.7686888,"total":10.7686885,"children":null}},"gauges":{},"metadata":{"timer_format_version":"0.1.0","start_time_seconds":"1706189262","unity_version":"2022.3.3f1","command_line_arguments":"C:\\Users\\mbart\\Work Projects\\Affect-Driven-RL\\.\/Builds\/SolidRallyPCG.exe --mlagents-port 5005","communication_protocol_version":"1.5.0","com.unity.ml-agents_version":"2.0.1","scene_name":"GridAStar","end_time_seconds":"1706189709"}}